x,theta,x_v,theta_v,action
0.020099696,-0.032087489,0.034094207,0.0146397,1
0.019457947,0.162529341,0.034387001,-0.267094137,0
0.022708533,-0.033066072,0.029045118,0.036233322,1
0.022047212,0.161627587,0.029769784,-0.247145925,0
0.025279764,-0.033906605,0.024826866,0.054776428,1
0.024601632,0.16085073,0.025922394,-0.229971198,0
0.027818646,-0.034631873,0.02132297,0.070774524,1
0.027126009,0.160177992,0.022738461,-0.215105368,0
0.030329569,-0.03526153,0.018436354,0.084662663,1
0.029624338,0.15959136,0.020129607,-0.20214702,0
0.032816165,-0.035812606,0.016086666,0.096817253,1
0.032099913,0.159075136,0.018023012,-0.19074726,0
0.035281416,-0.036299953,0.014208066,0.107566255,1
0.034555417,0.158615543,0.016359391,-0.180600447,0
0.037727728,-0.036736639,0.012747383,0.117198061,1
0.036992995,0.158200369,0.015091344,-0.171436065,0
0.040157002,-0.037134293,0.011662622,0.12596925,1
0.039414316,0.157818654,0.014182007,-0.16301155,0
0.042570689,-0.037503418,0.010921776,0.134111466,1
0.041820621,0.157460401,0.013604006,-0.155105883,1
0.044969829,0.352384955,0.010501888,-0.443466204,0
0.052017528,0.157115993,0.001632564,-0.147491415,1
0.055159848,0.352214528,-0.001317264,-0.439658853,0
0.062204139,0.157111244,-0.010110441,-0.147391457,0
0.065346363,-0.037864474,-0.01305827,0.142084754,1
0.064589074,0.157442036,-0.010216575,-0.154689058,0
0.067737915,-0.037532154,-0.013310357,0.134753344,1
0.066987272,0.157777897,-0.01061529,-0.162098911,0
0.07014283,-0.037190491,-0.013857268,0.127216358,1
0.06939902,0.158127205,-0.011312941,-0.169805964,0
0.072561564,-0.036831008,-0.01470906,0.119286709,1
0.071824944,0.158498566,-0.012323326,-0.178000265,0
0.074994915,-0.036444884,-0.015883331,0.11076974,1
0.074266017,0.158901023,-0.013667936,-0.186881663,0
0.077444038,-0.036022735,-0.01740557,0.101458417,1
0.076723583,0.159344282,-0.015376401,-0.196664699,0
0.079910469,-0.035554393,-0.019309695,0.091128269,1
0.079199381,0.159838932,-0.01748713,-0.207583776,0
0.082396159,-0.035028654,-0.021638805,0.079531958,1
0.081695586,0.160396704,-0.020048166,-0.219898766,0
0.08490352,-0.034433021,-0.024446142,0.066393327,1
0.08421486,0.161030734,-0.023118275,-0.23390115,0
0.087435475,-0.033753404,-0.027796298,0.051400815,1
0.086760407,0.16175586,-0.026768282,-0.249920855,0
0.089995524,-0.032973802,-0.031766699,0.034200061,1
0.089336048,0.162588952,-0.031082698,-0.268333912,0
0.092587827,-0.032075941,-0.036449376,0.014385543,1
0.091946308,0.163549269,-0.036161665,-0.289571113,0
0.095217293,-0.03103887,-0.041953087,-0.008508938,0
0.094596516,-0.225534828,-0.042123266,0.270647703,1
0.090085819,-0.029837884,-0.036710312,-0.035017901,0
0.089489062,-0.224414694,-0.03741067,0.245860263,1
0.085000768,-0.02877895,-0.032493465,-0.058384195,0
0.084425189,-0.223420302,-0.033661149,0.223872317,1
0.079956783,-0.02783382,-0.029183702,-0.079235719,0
0.079400106,-0.222525521,-0.030768417,0.204098688,1
0.074949596,-0.026977376,-0.026686443,-0.098129185,0
0.074410049,-0.221706892,-0.028649027,0.186016203,1
0.069975911,-0.026187002,-0.024928703,-0.115564944,0
0.069452171,-0.220943058,-0.027240001,0.169150093,1
0.065033309,-0.025442011,-0.023857,-0.132000256,0
0.064524469,-0.220214244,-0.026497005,0.153061662,0
0.060120184,-0.414946971,-0.023435771,0.437269011,1
0.051821245,-0.219501264,-0.014690391,0.13729147,0
0.04743122,-0.414409756,-0.011944562,0.425303843,1
0.039143025,-0.219120665,-0.003438485,0.128879485,0
0.034760611,-0.414193191,-0.000860895,0.420475631,1
0.026476747,-0.219059052,0.007548617,0.127521429,0
0.022095566,-0.414288324,0.010099046,0.422576265,1
0.0138098,-0.219310894,0.018550571,0.133094103,0
0.009423582,-0.414693586,0.021212453,0.431571272,1
0.00112971,-0.21987832,0.029843879,0.14565011,1
-0.003267856,-0.025196186,0.032756881,-0.137470257,0
-0.00377178,-0.220771629,0.030007476,0.165364331,1
-0.008187212,-0.026091794,0.033314762,-0.117703084,0
-0.008709048,-0.221674846,0.030960701,0.185301434,1
-0.013142545,-0.027009245,0.034666729,-0.097456037,0
-0.01368273,-0.222610455,0.032717609,0.20595947,1
-0.018134939,-0.027971274,0.036836798,-0.076225793,0
-0.018694365,-0.223601417,0.035312282,0.227847919,1
-0.023166393,-0.029001434,0.039869241,-0.053490427,0
-0.023746422,-0.224671706,0.038799432,0.251500191,1
-0.028239856,-0.030124662,0.043829436,-0.028696578,0
-0.028842349,-0.225846858,0.043255504,0.2774865,1
-0.033359286,-0.031367841,0.048805234,-0.001246007,1
-0.033986643,0.16302143,0.048780314,-0.27813967,0
-0.030726214,-0.032761252,0.043217521,0.029520747,1
-0.031381439,0.161715144,0.043807936,-0.249219467,0
-0.028147137,-0.034004154,0.038823546,0.05695323,1
-0.02882722,0.160540248,0.039962611,-0.223232222,0
-0.025616415,-0.035129421,0.035497967,0.081783827,1
-0.026319003,0.159466162,0.037133643,-0.199491448,0
-0.02312968,-0.03616668,0.033143814,0.104670301,1
-0.023853013,0.158465004,0.03523722,-0.177374389,0
-0.020683713,-0.037143036,0.031689732,0.126213131,1
-0.021426574,0.157510936,0.034213995,-0.156306008,0
-0.018276355,-0.038083749,0.031087875,0.146971266,1
-0.01903803,0.156579537,0.0340273,-0.135744212,1
-0.01590644,0.351197993,0.031312416,-0.417500811,0
-0.00888248,0.155646618,0.0229624,-0.11511319,1
-0.005769547,0.350432154,0.020660136,-0.400464116,0
0.001239096,0.155023325,0.012650854,-0.101339778,1
0.004339562,0.349961708,0.010624058,-0.390004702,0
0.011338796,0.154690593,0.002823964,-0.093991145,1
0.014432608,0.349771955,0.000944141,-0.385781777,0
0.021428047,0.154636613,-0.006771494,-0.092801318,1
0.02452078,0.349854963,-0.008627521,-0.387612933,0
0.031517879,0.154856534,-0.01637978,-0.097662635,1
0.03461501,0.350209366,-0.018333032,-0.395468015,0
0.041619197,0.155352273,-0.026242393,-0.108621102,1
0.044726242,0.350840255,-0.028414815,-0.40946649,0
0.051743047,0.156132447,-0.036604144,-0.125875507,0
0.054865696,-0.038446514,-0.039121654,0.155038209,1
0.054096766,0.15721311,-0.03602089,-0.149725494,0
0.057241028,-0.037375018,-0.0390154,0.131379507,1
0.056493528,0.158283465,-0.03638781,-0.17335249,0
0.059659197,-0.036299315,-0.03985486,0.107632815,1
0.058933211,0.159370428,-0.037702204,-0.197352955,0
0.062120619,-0.035192536,-0.041649263,0.083202272,1
0.061416769,0.160500931,-0.039985217,-0.222324712,0
0.064626787,-0.034027368,-0.044431711,0.057481984,1
0.06394624,0.161702563,-0.043282072,-0.248881781,0
0.067180291,-0.032775409,-0.048259707,0.02984102,0
0.066524783,-0.227173259,-0.047662887,0.306915449,1
0.061981318,-0.031405682,-0.041524578,-0.000410011,0
0.061353204,-0.225908269,-0.041532778,0.278887653,1
0.056835039,-0.030219197,-0.035955025,-0.026599949,0
0.056230655,-0.224807571,-0.036487024,0.254525465,1
0.051734504,-0.02918416,-0.031396515,-0.049439153,0
0.05115082,-0.223842175,-0.032385298,0.23317491,1
0.046673977,-0.028272816,-0.0277218,-0.069544918,0
0.046108521,-0.222986585,-0.029112698,0.214264348,1
0.041648789,-0.027460776,-0.024827411,-0.087458009,0
0.041099573,-0.222218216,-0.026576571,0.197289609,1
0.036655209,-0.026726407,-0.022630779,-0.103657143,0
0.036120681,-0.221516849,-0.024703922,0.181800821,1
0.031690344,-0.026050275,-0.021067906,-0.118571792,0
0.031169338,-0.220864134,-0.023439341,0.16739064,0
0.026752056,-0.415642866,-0.020091529,0.452587948,1
0.018439198,-0.220242636,-0.01103977,0.153640246,0
0.014034346,-0.415204789,-0.007966965,0.442820029,1
0.00573025,-0.219971016,0.000889436,0.1476364,0
0.00133083,-0.415105692,0.003842164,0.440599794,1
-0.006971284,-0.220038326,0.01265416,0.149130497,0
-0.011372051,-0.415339174,0.01563677,0.445778539,1
-0.019678834,-0.220441896,0.02455234,0.158065384,1
-0.024087672,-0.02567991,0.027713648,-0.126771882,0
-0.02460127,-0.221187693,0.02517821,0.17452395,1
-0.029025024,-0.026434966,0.028668689,-0.110110938,0
-0.029553724,-0.221955748,0.026466471,0.191477162,1
-0.033992839,-0.02722222,0.030296014,-0.092740599,0
-0.034537283,-0.222765012,0.028441202,0.209344656,1
-0.038992583,-0.028061034,0.032628095,-0.07423261,0
-0.039553804,-0.223635183,0.031143443,0.228563431,1
-0.044026508,-0.028971809,0.035714712,-0.054135344,0
-0.044605944,-0.224587175,0.034632005,0.249598481,1
-0.049097687,-0.029976468,0.039623974,-0.031962765,0
-0.049697217,-0.225643584,0.038984719,0.272953933,1
-0.054210088,-0.031098955,0.044443798,-0.007182682,0
-0.054832067,-0.226829183,0.044300144,0.299184922,1
-0.059368651,-0.032365769,0.050283842,0.020795963,1
-0.060015966,0.162000345,0.050699762,-0.25560748,0
-0.056775959,-0.033807443,0.045587612,0.05262614,1
-0.057452108,0.160632197,0.046640135,-0.225332188,0
-0.054239464,-0.035124227,0.042133491,0.081690363,1
-0.054941949,0.159369208,0.043767298,-0.197407294,0
-0.051754565,-0.03635055,0.039819152,0.108754679,1
-0.052481576,0.158178843,0.041994246,-0.171104374,0
-0.049317999,-0.037518223,0.038572159,0.134525107,1
-0.050068363,0.157030607,0.041262661,-0.145743674,0
-0.046927751,-0.038657219,0.038347787,0.159665997,1
-0.047700896,0.155895337,0.041541107,-0.120676803,1
-0.044582989,0.350398258,0.039127571,-0.399969912,0
-0.037575024,0.154743744,0.031128173,-0.095212198,1
-0.034480149,0.349406038,0.029223929,-0.37791398,0
-0.027492028,0.153881498,0.021665649,-0.076161788,1
-0.024414398,0.348686262,0.020142414,-0.361931153,0
-0.017440673,0.153283892,0.01290379,-0.062965584,1
-0.014374995,0.348218479,0.011644479,-0.351549513,0
-0.007410625,0.152932886,0.004613489,-0.055217583,1
-0.004351968,0.347988384,0.003509137,-0.346441355,0
0.0026078,0.152816693,-0.00341969,-0.052653938,1
0.005664134,0.347987511,-0.004472769,-0.34641384,0
0.012623884,0.152929467,-0.011401046,-0.055144691,1
0.015682473,0.348213021,-0.01250394,-0.351402818,0
0.022646734,0.153271099,-0.019531996,-0.062688857,1
0.025712156,0.348667568,-0.020785773,-0.361469697,0
0.032685507,0.153847138,-0.028015167,-0.075412755,1
0.03576245,0.349359277,-0.029523422,-0.376801268,0
0.042749635,0.154668814,-0.037059448,-0.093571462,1
0.045843012,0.350301798,-0.038930877,-0.397712433,0
0.052849048,0.155753166,-0.046885125,-0.11755339,0
0.055964111,-0.038666752,-0.049236193,0.159976836,1
0.055190776,0.157124248,-0.046036657,-0.14782335,0
0.058333261,-0.037309253,-0.048993124,0.129987901,1
0.057587076,0.15847904,-0.046393365,-0.177740359,0
0.060756657,-0.035949348,-0.049948173,0.099953664,1
0.06003767,0.159851543,-0.047949099,-0.208060039,0
0.063234701,-0.034553147,-0.0521103,0.069120206,1
0.062543638,0.161275673,-0.050727896,-0.239537781,0
0.065769151,-0.033086287,-0.055518652,0.036722516,0
0.065107425,-0.227369955,-0.054784201,0.3113849,1
0.060560026,-0.031512038,-0.048556503,0.001940287,0
0.059929785,-0.225905202,-0.048517698,0.278916352,1
0.055411681,-0.030125903,-0.042939371,-0.028665628,0
0.054809163,-0.22460661,-0.043512683,0.250166243,1
0.050317031,-0.028891164,-0.038509358,-0.055917745,0
0.049739208,-0.223440398,-0.039627713,0.224370797,1
0.0452704,-0.027775139,-0.035140297,-0.080544173,0
0.044714897,-0.222376188,-0.036751181,0.200848072,1
0.040267373,-0.026748416,-0.032734219,-0.103197854,0
0.039732405,-0.221386331,-0.034798176,0.17898047,0
0.035304678,-0.41599348,-0.031218567,0.460485873,1
0.026984809,-0.220444497,-0.022008849,0.158128556,0
0.022575919,-0.415244545,-0.018846278,0.443787781,1
0.014271028,-0.219861073,-0.009970523,0.145224141,0
0.009873807,-0.414838829,-0.00706604,0.434744953,1
0.00157703,-0.219617559,0.001628859,0.139842961,0
-0.002815321,-0.414762802,0.004425718,0.433039321,1
-0.011110577,-0.219703791,0.013086505,0.141754827,0
-0.015504653,-0.415010697,0.015921601,0.438537422,1
-0.023804867,-0.220117673,0.02469235,0.150915694,0
-0.02820722,-0.415584338,0.027710664,0.451285124,1
-0.036518907,-0.220865027,0.036736366,0.167464185,1
-0.040936208,-0.026287656,0.04008565,-0.113406886,0
-0.041461961,-0.221960382,0.037817512,0.191648445,1
-0.045901169,-0.027399268,0.041650481,-0.088868862,0
-0.046449154,-0.223092711,0.039873104,0.216658429,1
-0.050911008,-0.028562785,0.044206272,-0.063184947,0
-0.051482264,-0.224289752,0.042942573,0.243111096,1
-0.055968059,-0.029806654,0.047804795,-0.035723376,0
-0.056564192,-0.22558038,0.047090328,0.271650984,1
-0.061075799,-0.031160909,0.052523347,-0.005815499,0
-0.061699018,-0.226995241,0.052407037,0.302965671,1
-0.066238923,-0.032657836,0.058466351,0.0272604,1
-0.066892079,0.161579046,0.059011559,-0.246417778,0
-0.063660498,-0.034333898,0.054083203,0.064279437,1
-0.064347176,0.159972605,0.055368792,-0.210861451,0
-0.061147724,-0.035895501,0.051151563,0.098760577,1
-0.061865634,0.158457451,0.053126775,-0.177355541,0
-0.058696485,-0.037382946,0.049579664,0.131602515,1
-0.059444144,0.156995029,0.052211714,-0.145035715,0
-0.056304243,-0.038834257,0.049311,0.163651194,1
-0.057080929,0.155548379,0.052584024,-0.113076782,1
-0.053969961,0.349878962,0.050322488,-0.388717165,0
-0.046972382,0.154080196,0.042548145,-0.080602242,1
-0.043890778,0.348567203,0.0409361,-0.359563346,0
-0.036919434,0.152887966,0.033744833,-0.054258538,1
-0.033861674,0.347510221,0.032659662,-0.336106625,0
-0.02691147,0.151939073,0.02593753,-0.03330611,1
-0.023872689,0.346679653,0.025271407,-0.317693947,0
-0.016939096,0.151207048,0.018917529,-0.017149659,1
-0.013914955,0.346052662,0.018574535,-0.303804363,0
-0.006993901,0.150670991,0.012498448,-0.005321812,1
-0.003980482,0.345611487,0.012392012,-0.294035269,0
0.002931748,0.150315074,0.006511306,0.002530016,1
0.00593805,0.345343041,0.006561907,-0.288091423,0
0.012844911,0.150128132,0.000800078,0.006653824,1
0.015847473,0.345238599,0.000933155,-0.285776561,0
0.022752245,0.150103352,-0.004782376,0.00720053,1
0.025754312,0.345293562,-0.004638366,-0.28698745,0
0.032660183,0.150238065,-0.010378115,0.004228974,1
0.035664945,0.345507304,-0.010293535,-0.291710222,0
0.042575091,0.150533623,-0.01612774,-0.002291442,1
0.045585763,0.345883112,-0.016173569,-0.300018917,0
0.052503425,0.150995383,-0.022173947,-0.012480379,1
0.055523333,0.346428203,-0.022423555,-0.312076151,0
0.062451897,0.151632766,-0.028665078,-0.026548424,1
0.065484553,0.34715382,-0.029196046,-0.328135898,0
0.072427629,0.152459418,-0.035758764,-0.044801174,1
0.075476817,0.3480754,-0.036654787,-0.348548405,0
0.082438325,0.153493439,-0.043625756,-0.067645612,1
0.085508194,0.349212821,-0.044978668,-0.373767263,0
0.09249245,0.154757698,-0.052454013,-0.095598847,1
0.095587604,0.35059068,-0.05436599,-0.404358707,0
0.102599418,0.156280195,-0.062453164,-0.129299339,0
0.105725022,-0.037894088,-0.065039151,0.143044955,1
0.10496714,0.158096117,-0.062178252,-0.169426811,0
0.108129063,-0.036083283,-0.065566788,0.103010799,1
0.107407397,0.159914056,-0.063506572,-0.209616318,0
0.110605678,-0.034245065,-0.067698898,0.062376882,1
0.109920777,0.16177893,-0.066451361,-0.250873841,0
0.113156355,-0.032334265,-0.071468838,0.020130992,0
0.11250967,-0.226362371,-0.071066218,0.289436219,1
0.107982423,-0.030302788,-0.065277493,-0.024786718,0
0.107376367,-0.224430819,-0.065773228,0.246607186,1
0.10288775,-0.028434153,-0.060841084,-0.066075502,0
0.102319067,-0.222633431,-0.062162594,0.206808193,1
0.097866399,-0.026680198,-0.05802643,-0.104817974,0
0.097332795,-0.220924651,-0.06012279,0.16900812,0
0.092914302,-0.415136798,-0.056742627,0.442134525,1
0.084611566,-0.219259733,-0.047899937,0.132118421,0
0.080226371,-0.413663982,-0.045257568,0.409313131,1
0.071953092,-0.217930567,-0.037071306,0.102712457,0
0.06759448,-0.412502173,-0.035017057,0.383472874,1
0.059344437,-0.216901002,-0.027347599,0.079958071,0
0.055006417,-0.411620462,-0.025748438,0.363888854,1
0.046774007,-0.21614221,-0.018470661,0.063199466,0
0.042451163,-0.410994533,-0.017206671,0.349998029,1
0.034231273,-0.21563215,-0.010206711,0.051939322,0
0.02991863,-0.410606273,-0.009167924,0.341384552,1
0.021706504,-0.215355091,-0.002340233,0.045824755,0
0.017399402,-0.410443407,-0.001423738,0.337768399,1
0.009190534,-0.215301224,0.00533163,0.044636844,0
0.00488451,-0.410499221,0.006224367,0.338997169,1
-0.003325475,-0.215466389,0.01300431,0.04828354,0
-0.007634803,-0.410772374,0.013969981,0.345040906,1
-0.01585025,-0.215851907,0.020870799,0.056795777,0
-0.020167288,-0.411266796,0.022006715,0.355989841,1
-0.028392624,-0.216464533,0.029126511,0.070326652,0
-0.032721915,-0.41199169,0.030533044,0.372054973,1
-0.040961749,-0.217316508,0.037974144,0.089153627,0
-0.045308079,-0.412961613,0.039757216,0.393571429,1
-0.053567311,-0.218425719,0.047628645,0.113683718,0
-0.057935825,-0.414196631,0.049902319,0.421004599,1
-0.066219758,-0.219815928,0.058322411,0.144461704,1
-0.070616077,-0.025575613,0.061211645,-0.129266307,0
-0.071127589,-0.221518588,0.058626319,0.182082685,1
-0.075557961,-0.027282396,0.062267973,-0.091544781,0
-0.076103608,-0.223239024,0.060437077,0.220115464,1
-0.080568389,-0.029030707,0.064839387,-0.052907458,0
-0.081149003,-0.225019563,0.063781238,0.259507494,1
-0.085649394,-0.030863376,0.068971387,-0.012395637,0
-0.086266662,-0.226903205,0.068723475,0.301226469,1
-0.090804726,-0.032824633,0.074748004,0.030984605,1
-0.091461219,0.161150227,0.075367696,-0.237209767,0
-0.088238214,-0.034963029,0.070623501,0.078262159,1
-0.088937475,0.159079165,0.072188744,-0.191329516,0
-0.085755891,-0.036997273,0.068362154,0.123224189,1
-0.086495837,0.157082065,0.070826637,-0.147132006,0
-0.083354196,-0.038978911,0.067883997,0.167027751,1
-0.084133774,0.155108975,0.071224552,-0.103490963,1
-0.081031594,0.349141755,0.069154733,-0.37287989,0
-0.074048759,0.153109045,0.061697135,-0.059218381,1
-0.070986578,0.347294606,0.060512768,-0.331815066,0
-0.064040686,0.151365859,0.053876466,-0.020679971,1
-0.061013369,0.34567543,0.053462867,-0.295889397,0
-0.05409986,0.149833687,0.047545079,0.013164085,1
-0.051103187,0.344242676,0.047808361,-0.264146871,1
-0.044218333,0.538650794,0.042525423,-0.541375548,0
-0.033445317,0.342957736,0.031697912,-0.235602634,1
-0.026586162,0.537612807,0.02698586,-0.518120942,0
-0.015833906,0.342121509,0.016623441,-0.217057881,1
-0.008991476,0.537001923,0.012282283,-0.504451047,0
0.001748562,0.341709048,0.002193262,-0.20792293,1
0.008582743,0.536799569,-0.001965196,-0.499913189,0
0.019318735,0.341705378,-0.01196346,-0.207850234,1
0.026152842,0.536996337,-0.016120465,-0.504282883,0
0.036892769,0.342105243,-0.026206123,-0.216723437,1
0.043734874,0.537591834,-0.030540591,-0.517556359,0
0.05448671,0.34291291,-0.040891718,-0.234651687,1
0.061344969,0.53859453,-0.045584752,-0.539947562,0
0.072116859,0.34414201,-0.056383703,-0.261969055,0
0.078999699,0.149868341,-0.061623085,0.012410329,1
0.081997066,0.345817435,-0.061374878,-0.299061139,0
0.088913415,0.151621587,-0.067356101,-0.026348715,1
0.091945847,0.347641585,-0.067883075,-0.339499704,0
0.098898678,0.153547905,-0.074673069,-0.06897203,1
0.101969637,0.34965659,-0.07605251,-0.384248787,0
0.108962768,0.155692129,-0.083737485,-0.116480995,0
0.112076611,-0.038136402,-0.086067105,0.148652997,1
0.111313883,0.158105834,-0.083094045,-0.169893275,0
0.114476,-0.035734536,-0.086491911,0.095462516,1
0.113761309,0.160513736,-0.084582661,-0.22320643,0
0.116971584,-0.033303842,-0.089046789,0.041642934,0
0.116305507,-0.227043512,-0.088213931,0.30495586,1
0.111764636,-0.030782451,-0.082114813,-0.014192315,0
0.111148987,-0.224636629,-0.08239866,0.251494524,1
0.106656255,-0.02844063,-0.077368769,-0.065998782,0
0.106087442,-0.222372979,-0.078688745,0.201305795,1
0.101639983,-0.026218964,-0.074662629,-0.115125394,0
0.101115603,-0.220196109,-0.076965137,0.15309928,0
0.096711681,-0.414136484,-0.073903151,0.420543228,1
0.088428952,-0.218049469,-0.065492287,0.105507809,0
0.084067962,-0.412174721,-0.06338213,0.376830452,1
0.075824468,-0.21621251,-0.055845521,0.064855495,0
0.071500217,-0.41049116,-0.054548411,0.339409111,1
0.063290394,-0.214637183,-0.047760229,0.030035833,0
0.058997651,-0.409042843,-0.047159513,0.307275631,0
0.050816794,-0.603462188,-0.041014,0.584720656,1
0.03874755,-0.407790442,-0.029319587,0.279405129,0
0.030591741,-0.602482139,-0.023731484,0.562698436,1
0.018542098,-0.407035354,-0.012477516,0.262634408,0
0.010401391,-0.601976997,-0.007224827,0.551355815,1
-0.001638149,-0.406754323,0.003802289,0.256405366,0
-0.009773235,-0.601930354,0.008930396,0.550285166,1
-0.021811842,-0.40693497,0.0199361,0.260429256,0
-0.029950542,-0.602335758,0.025144685,0.559333018,1
-0.041997257,-0.4075756,0.036331345,0.274676889,0
-0.050148769,-0.603196579,0.041824883,0.578593784,1
-0.0622127,-0.408684985,0.053396758,0.299374484,1
-0.0703864,-0.214363202,0.059384248,0.023998438,0
-0.074673664,-0.410284281,0.059864217,0.334810733,1
-0.08287935,-0.216063146,0.066560432,0.06159047,0
-0.087200613,-0.412073161,0.067792241,0.374508769,1
-0.095442076,-0.217976375,0.075282416,0.10394801,0
-0.099801603,-0.414091945,0.077361377,0.419400284,1
-0.108083442,-0.220146547,0.085749382,0.152073858,1
-0.112486373,-0.026350427,0.088790859,-0.112372811,0
-0.113013382,-0.222625067,0.086543403,0.206949593,1
-0.117465883,-0.028840411,0.090682395,-0.05722751,0
-0.118042691,-0.225137683,0.089537845,0.26263267,1
-0.122545445,-0.031400312,0.094790498,-0.000520301,1
-0.123173451,0.162243402,0.094780092,-0.261855206,0
-0.119928583,-0.034094708,0.089542988,0.059153777,1
-0.120610477,0.15963687,0.090726064,-0.203988898,0
-0.11741774,-0.036657519,0.086646286,0.115878595,1
-0.11815089,0.157122957,0.088963858,-0.14825954,0
-0.115008431,-0.039152872,0.085998667,0.17111078,1
-0.115791489,0.154639644,0.089420882,-0.093251269,1
-0.112698696,0.348373704,0.087555857,-0.356436578,0
-0.105731222,0.152123121,0.080427125,-0.037479785,1
-0.102688759,0.34600514,0.07967753,-0.303742631,0
-0.095768656,0.14984342,0.073602677,0.012966858,1
-0.092771788,0.343836862,0.073862014,-0.255615809,1
-0.085895051,0.537830777,0.068749698,-0.524117585,0
-0.075138435,0.341812054,0.058267346,-0.210587598,1
-0.068302194,0.536054576,0.054055594,-0.484336012,0
-0.057581103,0.340213095,0.044368874,-0.175118266,1
-0.050776841,0.534672901,0.040866509,-0.453480742,0
-0.040083383,0.338997611,0.031796894,-0.148201458,1
-0.03330343,0.533650142,0.028832865,-0.430685953,0
-0.022630428,0.338132021,0.020219146,-0.129054982,1
-0.015867787,0.532958581,0.017638046,-0.415291064,0
-0.005208616,0.337591141,0.009332225,-0.11710017,1
0.001543207,0.532578144,0.006990222,-0.406824305,1
0.01219477,0.72760028,-0.001146265,-0.697295254,0
0.026746776,0.532494243,-0.01509217,-0.404973392,0
0.037396661,0.337589536,-0.023191637,-0.117086556,1
0.044148451,0.53303597,-0.025533369,-0.416995099,0
0.054809171,0.338285003,-0.033873271,-0.132469864,1
0.061574871,0.53387538,-0.036522668,-0.435643968,0
0.072252378,0.339288974,-0.045235547,-0.154694286,1
0.079038158,0.535028442,-0.048329433,-0.461297854,0
0.089738727,0.340621697,-0.05755539,-0.184231555,1
0.096551161,0.53651792,-0.061240021,-0.49450127,0
0.107281519,0.342310672,-0.071130047,-0.221729799,1
0.114127733,0.538373425,-0.075564643,-0.535974864,0
0.124895201,0.344390796,-0.08628414,-0.268026126,0
0.131783017,0.150599419,-0.091644662,-0.003756539,1
0.134795005,0.346908039,-0.091719793,-0.323889604,0
0.141733166,0.153203645,-0.098197585,-0.061482142,1
0.144797239,0.34958638,-0.099427228,-0.383460844,0
0.151788967,0.156006307,-0.107096445,-0.123708285,0
0.154909093,-0.037431317,-0.109570611,0.133359544,1
0.154160466,0.159075658,-0.10690342,-0.191782622,0
0.15734198,-0.034367479,-0.110739072,0.065355837,1
0.15665463,0.1621536,-0.109431955,-0.26011094,0
0.159897702,-0.031249851,-0.114634174,-0.003849905,0
0.159272705,-0.224557088,-0.114711172,0.250579167,1
0.154781563,-0.027999839,-0.109699589,-0.075970183,0
0.154221566,-0.221392138,-0.111218993,0.180187522,0
0.149793724,-0.414761385,-0.107615242,0.435818292,1
0.141498496,-0.218293709,-0.098898876,0.111243759,0
0.137132622,-0.411869641,-0.096674001,0.371159897,1
0.128895229,-0.215516695,-0.089250803,0.049627816,0
0.124584895,-0.409253038,-0.088258247,0.312870751,0
0.116399834,-0.603014067,-0.082000832,0.5764668,1
0.104339553,-0.406844226,-0.070471496,0.259119552,0
0.096202668,-0.600893071,-0.065289105,0.528768875,1
0.084184807,-0.404916272,-0.054713727,0.21624863,0
0.076086482,-0.599215091,-0.050388755,0.491182917,1
0.06410218,-0.403419914,-0.040565096,0.183054893,0
0.056033781,-0.597938658,-0.036903999,0.46267011,1
0.044075008,-0.40231512,-0.027650596,0.158587284,0
0.036028706,-0.597030512,-0.024478851,0.442420486,0
0.024088096,-0.791797677,-0.015630441,0.727287644,1
0.008252142,-0.596463156,-0.001084688,0.429726491,0
-0.003677121,-0.79156973,0.007509842,0.722067282,1
-0.019508516,-0.596552462,0.021951187,0.431757501,0
-0.031439565,-0.791978243,0.030586337,0.731278681,1
-0.04727913,-0.597292038,0.045211911,0.448376945,1
-0.05922497,-0.402837809,0.05417945,0.170281439,0
-0.067281727,-0.598691695,0.057585079,0.479552157,1
-0.079255561,-0.404427945,0.067176122,0.205560195,0
-0.087344119,-0.600443012,0.071287326,0.518654566,1
-0.09935298,-0.406393306,0.081660417,0.249260025,0
-0.107480846,-0.60258073,0.086645618,0.566541999,1
-0.11953246,-0.408774292,0.097976458,0.302364855,1
-0.127707946,-0.215175315,0.104023755,0.042118114,0
-0.132011453,-0.411623218,0.104866117,0.365724949,1
-0.140243917,-0.218135659,0.112180616,0.107862136,0
-0.14460663,-0.414671495,0.114337859,0.433724826,1
-0.15290006,-0.221338256,0.123012355,0.179160643,1
-0.157326825,-0.028171698,0.126595568,-0.072325212,0
-0.157890259,-0.224859815,0.125149064,0.257465723,1
-0.162387455,-0.031726112,0.130298378,0.00672875,1
-0.163021978,0.161309806,0.130432953,-0.242171209,0
-0.159795781,-0.03541066,0.125589529,0.088641627,1
-0.160503995,0.157708284,0.127362362,-0.161928946,1
-0.157349829,0.350798665,0.124123783,-0.411875193,0
-0.150333856,0.154155859,0.115886279,-0.082781522,1
-0.147250738,0.347442358,0.114230648,-0.336772267,0
-0.140301891,0.150895842,0.107495203,-0.01036308,1
-0.137283974,0.344325099,0.107287941,-0.267289479,1
-0.130397473,0.537765328,0.101942152,-0.524299273,0
-0.119642166,0.341367602,0.091456166,-0.201313004,1
-0.112814814,0.535070631,0.087429906,-0.463802616,0
-0.102113401,0.338828994,0.078153854,-0.144892838,1
-0.095336821,0.53274977,0.075255997,-0.41193225,1
-0.084681826,0.726728724,0.067017352,-0.67997274,0
-0.070147252,0.53074304,0.053417897,-0.366965788,1
-0.059532391,0.725066837,0.046078582,-0.642338316,0
-0.045031054,0.529333916,0.033231815,-0.335508259,1
-0.034444376,0.723967552,0.02652165,-0.617529164,0
-0.019965025,0.528485344,0.014171067,-0.316612522,1
-0.009395318,0.723402611,0.007838816,-0.604792911,0
0.005072734,0.528171919,-0.004257042,-0.309651282,1
0.015636173,0.723354265,-0.010450067,-0.603673714,0
0.030103258,0.528380015,-0.022523542,-0.314300572,1
0.040670858,0.723815453,-0.028809553,-0.614000735,0
0.055147167,0.529107671,-0.041089568,-0.330529095,1
0.065729321,0.724789705,-0.04770015,-0.635881329,0
0.080225115,0.530364341,-0.060417776,-0.35859353,1
0.090832402,0.726290822,-0.067589647,-0.669699042,0
0.105358218,0.532170494,-0.080983628,-0.399039635,0
0.116001628,0.338285167,-0.08896442,-0.132947968,1
0.122767331,0.534561376,-0.09162338,-0.452319006,0
0.133458559,0.340846492,-0.10066976,-0.189865082,1
0.140275489,0.537253773,-0.104467062,-0.512531355,0
0.151020564,0.343746393,-0.114717689,-0.254510191,0
0.157895492,0.150433365,-0.119807893,-9.97E-05,1
0.160904159,0.347051622,-0.119809886,-0.328052199,0
0.167845192,0.15382096,-0.12637093,-0.075423899,0
0.170921611,-0.039284134,-0.127879407,0.174869712,1
0.170135928,0.157413979,-0.124382013,-0.155262427,0
0.173284208,-0.035727897,-0.127487262,0.095738123,1
0.17256965,0.160968869,-0.125572499,-0.234292393,0
0.175789027,-0.032156112,-0.130258347,0.016292748,0
0.175145905,-0.225192757,-0.129932492,0.265206963,1
0.17064205,-0.028478813,-0.124628353,-0.065469452,0
0.170072474,-0.221614016,-0.125937742,0.185440441,0
0.165640193,-0.414730156,-0.122228933,0.435892622,1
0.15734559,-0.218109142,-0.113511081,0.107315591,0
0.152983408,-0.411436913,-0.111364769,0.362140376,1
0.144754669,-0.214922814,-0.104121961,0.036521626,0
0.140456213,-0.408409475,-0.103391529,0.294623217,0
0.132288023,-0.601917106,-0.097499065,0.552991643,1
0.120249681,-0.405570901,-0.086439232,0.231251756,0
0.112138263,-0.599358175,-0.081814197,0.495465897,1
0.1001511,-0.403183557,-0.071904879,0.178161702,0
0.092087429,-0.597206787,-0.068341645,0.447322678,0
0.080143293,-0.791298771,-0.059395191,0.717704221,1
0.064317318,-0.595407345,-0.045041107,0.406933306,0
0.052409171,-0.789862643,-0.03690244,0.685082825,1
0.036611918,-0.594248313,-0.023200784,0.381014242,0
0.024726952,-0.789033266,-0.015580499,0.66629262,1
0.008946286,-0.593698121,-0.002254647,0.368744984,0
-0.002927676,-0.788787964,0.005120253,0.660716139,1
-0.018703435,-0.593737636,0.018334576,0.369649831,0
-0.030578188,-0.789115224,0.025727572,0.668057019,1
-0.046360493,-0.594360311,0.039088713,0.383584398,0
-0.058247699,-0.790014808,0.046760401,0.688331118,1
-0.074047995,-0.595571971,0.060527023,0.410728221,0
-0.085959434,-0.791497438,0.068741587,0.721862334,1
-0.101789383,-0.597390329,0.083178834,0.45158344,1
-0.11373719,-0.403537172,0.092210503,0.186235423,0
-0.121807933,-0.599849167,0.095935211,0.50652389,1
-0.133804917,-0.406200673,0.106065689,0.245548526,0
-0.14192893,-0.602665034,0.11097666,0.56971384,1
-0.153982231,-0.40926012,0.122370937,0.313951298,1
-0.162167433,-0.216074561,0.128649963,0.06222725,0
-0.166488924,-0.412783855,0.129894507,0.392571624,1
-0.174744601,-0.219721436,0.13774594,0.143499343,1
-0.17913903,-0.026813442,0.140615927,-0.102752454,0
-0.179675299,-0.223641213,0.138560878,0.230780104,1
-0.184148123,-0.03074317,0.14317648,-0.015187127,1
-0.184762987,0.162066164,0.142872737,-0.259491601,0
-0.181521663,-0.034775658,0.137682905,0.074624539,1
-0.182217177,0.158131436,0.139175396,-0.171646782,0
-0.179054548,-0.038679688,0.13574246,0.161500973,1
-0.179828142,0.154264246,0.13897248,-0.08546679,1
-0.176742857,0.34714885,0.137263144,-0.331277735,0
-0.16979988,0.150367216,0.130637589,0.001347141,1
-0.166792535,0.3433972,0.130664532,-0.247432333,1
-0.159924591,0.536434485,0.125715886,-0.496213796,0
-0.149195902,0.339784856,0.11579161,-0.166704053,1
-0.142400205,0.53307534,0.112457529,-0.420731553,1
-0.131738698,0.726439249,0.104042898,-0.67595242,0
-0.117209913,0.530037214,0.090523849,-0.352409002,1
-0.106609169,0.723763113,0.083475669,-0.61523036,0
-0.092133906,0.527580137,0.071171062,-0.297467226,1
-0.081582304,0.721619178,0.065221717,-0.566882314,0
-0.06714992,0.525645848,0.053884071,-0.254385738,1
-0.056637003,0.719958676,0.048796356,-0.529597691,1
-0.042237829,0.91436143,0.038204402,-0.806514288,0
-0.023950601,0.718737225,0.022074117,-0.50206274,1
-0.009575856,0.913541188,0.012032862,-0.787708232,0
0.008694967,0.718256037,-0.003721303,-0.491264136,1
0.023060088,0.913430283,-0.013546585,-0.785117538,0
0.041328694,0.718497057,-0.029248936,-0.496727102,1
0.055698635,0.914018966,-0.039183478,-0.798482484,0
0.073979014,0.719455868,-0.055153128,-0.518378844,1
0.088368132,0.915309193,-0.065520705,-0.827918925,0
0.106674315,0.721141338,-0.082079083,-0.556541393,0
0.121097142,0.527261824,-0.093209911,-0.290805358,1
0.131642379,0.723580692,-0.099026018,-0.611369409,0
0.146113993,0.529972066,-0.111253406,-0.351445315,1
0.156713434,0.726485801,-0.118282313,-0.677034633,0
0.17124315,0.533188601,-0.131823005,-0.42380871,0
0.181906922,0.34015635,-0.14029918,-0.175416294,1
0.188710049,0.536978275,-0.143807506,-0.508861054,0
0.199449614,0.344144006,-0.153984727,-0.264729276,0
0.206332495,0.15151676,-0.159279312,-0.02430004,1
0.20936283,0.348521854,-0.159765313,-0.362697464,0
0.216333267,0.155988505,-0.167019262,-0.124346845,0
0.219453037,-0.036395908,-0.169506199,0.11133845,1
0.218725119,0.160698261,-0.16727943,-0.229662249,0
0.221939084,-0.031687482,-0.171872675,0.0059371,0
0.221305334,-0.223981227,-0.171753933,0.239845743,1
0.21682571,-0.026875108,-0.166957018,-0.101711017,0
0.216288208,-0.219259819,-0.168991239,0.133995751,0
0.211903011,-0.411608891,-0.166311324,0.368962035,0
0.203670833,-0.604025571,-0.158932083,0.604934206,1
0.191590322,-0.407079944,-0.146833399,0.266709397,0
0.183448723,-0.599834477,-0.141499211,0.509715878,1
0.171452034,-0.403032347,-0.131304893,0.176000954,0
0.163391387,-0.596054612,-0.127784874,0.42454921,0
0.151470294,-0.78915677,-0.11929389,0.674374199,1
0.135687159,-0.592596667,-0.105806406,0.346640221,0
0.123835226,-0.786066989,-0.098873602,0.60417372,0
0.108113886,-0.979677284,-0.086790127,0.864149269,1
0.08852034,-0.783487887,-0.069507142,0.545488555,0
0.072850582,-0.977567876,-0.058597371,0.815486936,1
0.053299225,-0.781694627,-0.042287632,0.504963568,0
0.037665332,-0.976195916,-0.032188361,0.784025821,1
0.018141414,-0.780646775,-0.016507844,0.481392308,0
0.002528479,-0.975531869,-0.006879998,0.768827033,1
-0.016982159,-0.780315896,0.008496543,0.473987299,0
-0.032588477,-0.9755568,0.017976289,0.769336039,1
-0.052099613,-0.780686827,0.033363009,0.482363051,0
-0.067713349,-0.976263403,0.04301027,0.785371564,1
-0.087238617,-0.781757959,0.058717702,0.506524337,0
-0.102873776,-0.977656021,0.068848188,0.817118103,1
-0.122426897,-0.783540744,0.08519055,0.546860386,0
-0.138097712,-0.979749783,0.096127758,0.865122348,1
-0.157692707,-0.786058444,0.113430205,0.604144722,1
-0.173413876,-0.592690291,0.1255131,0.349233472,0
-0.185267682,-0.789353038,0.132497769,0.678711082,1
-0.201054743,-0.59629631,0.146071991,0.430504668,1
-0.212980669,-0.403512104,0.154682084,0.187200566,0
-0.221050911,-0.600469862,0.158426095,0.524405255,1
-0.233060308,-0.407890541,0.1689142,0.285536512,1
-0.241218119,-0.215529667,0.174624931,0.050526712,0
-0.245528713,-0.412669543,0.175635465,0.392818506,1
-0.253782103,-0.220418172,0.183491835,0.160249684,1
-0.258190467,-0.028332455,0.186696829,-0.069397563,0
-0.258757116,-0.225572029,0.185308877,0.275891121,1
-0.263268557,-0.033510654,0.1908267,0.046900911,1
-0.26393877,0.158435664,0.191764718,-0.180029013,0
-0.260770056,-0.038839175,0.188164138,0.166492921,1
-0.26154684,0.153160968,0.191493996,-0.061429495,1
-0.25848362,0.345095235,0.190265406,-0.288112559,1
-0.251581716,0.537066799,0.184503155,-0.51527231,0
-0.24084038,0.33989155,0.174197709,-0.170592571,1
-0.234042549,0.532147829,0.170785858,-0.403657048,1
-0.223399592,0.724488305,0.162712717,-0.63800306,0
-0.208909826,0.527516341,0.149952655,-0.298820949,1
-0.198359499,0.720218176,0.143976236,-0.540708947,1
-0.183955136,0.913054167,0.133162058,-0.784787189,0
-0.165694052,0.716378427,0.117466314,-0.45335128,1
-0.151366484,0.909660444,0.108399288,-0.706820648,1
-0.133173275,1.103126983,0.094262875,-0.963510127,0
-0.111110735,0.906873625,0.074992673,-0.642764715,1
-0.092973263,1.100874615,0.062137378,-0.910921116,0
-0.070955771,0.90496936,0.043918956,-0.599373717,1
-0.052856383,1.099450216,0.031931482,-0.877905676,0
-0.030867379,0.903909222,0.014373368,-0.575357444,1
-0.012789195,1.098826762,0.002866219,-0.863477929,0
0.009187341,0.903665907,-0.014403339,-0.569895182,1
0.027260659,1.098986866,-0.025801243,-0.867080666,0
0.049240396,0.90422534,-0.043142856,-0.582620336,1
0.067324903,1.099924336,-0.054795263,-0.888575746,0
0.08932339,0.905587122,-0.072566778,-0.613609187,1
0.107435132,1.101644094,-0.084838962,-0.92823658,0
0.129468014,0.90776366,-0.103403693,-0.663374659,0
0.147623287,0.714220688,-0.116671186,-0.404957426,1
0.161907701,0.910787212,-0.124770335,-0.732026277,0
0.180123445,0.717590007,-0.139410861,-0.481070639,1
0.194475245,0.914376093,-0.149032273,-0.814240106,0
0.212762767,0.721574956,-0.165317075,-0.571897609,0
0.227194266,0.529109807,-0.176755028,-0.335518062,0
0.237776462,0.336885872,-0.183465389,-0.1033704,1
0.24451418,0.53409815,-0.185532797,-0.447860949,0
0.255196143,0.342018538,-0.194490016,-0.218920449,0
0.262036514,0.150131452,-0.198868425,0.006663265,1
0.265039143,0.347467292,-0.198735159,-0.34158918,0
0.271988489,0.155645654,-0.205566943,-0.117564425,0
0.275101402,-0.036028911,-0.207918232,0.103882055,1
0.274380823,0.161372055,-0.20584059,-0.246530671,0
-0.006720049,-0.039095704,0.00679853,0.040566853,1
-0.007501963,0.155928101,0.007609867,-0.249963342,0
-0.004383401,-0.039301692,0.002610601,0.045110147,1
-0.005169435,0.155782728,0.003512804,-0.246747969,0
-0.002053781,-0.039389217,-0.001422156,0.047040904,1
-0.002841565,0.155753098,-0.000481338,-0.246090386,0
0.000273497,-0.039361975,-0.005403146,0.046440676,1
-0.000513743,0.155837035,-0.004474332,-0.247942082,0
0.002602998,-0.039220731,-0.009433174,0.043326189,1
0.001818583,0.156035209,-0.00856665,-0.252318002,0
0.004939288,-0.038963375,-0.01361301,0.037650577,0
0.00416002,-0.233887496,-0.012859998,0.326007565,1
-0.00051773,-0.03858483,-0.006339847,0.029297056,0
-0.001289426,-0.233615293,-0.005753906,0.319972968,1
-0.005961732,-0.038411872,0.000645553,0.025481044,0
-0.00672997,-0.233543075,0.001155174,0.318367581,1
-0.011400831,-0.038437595,0.007522526,0.026049178,0
-0.012169583,-0.233666613,0.008043509,0.321096021,1
-0.016842915,-0.038660127,0.01446543,0.03096052,1
-0.017616118,0.156251427,0.01508464,-0.257123535,0
-0.014491089,-0.039082602,0.00994217,0.040278889,1
-0.015272741,0.155895379,0.010747747,-0.249250678,0
-0.012154834,-0.039378397,0.005762734,0.046802846,1
-0.012942402,0.155660449,0.006698791,-0.24405633,0
-0.009829193,-0.03955654,0.001817664,0.050732012,1
-0.010620324,0.155539301,0.002832304,-0.241376872,0
-0.007509538,-0.039622994,-0.001995233,0.052198092,1
-0.008301997,0.155527509,-0.000951271,-0.241113679,0
-0.005191447,-0.03958084,-0.005773545,0.051269039,1
-0.005983064,0.155623419,-0.004748164,-0.243229882,0
-0.002870596,-0.03943039,-0.009612762,0.047951578,1
-0.003659203,0.155828073,-0.00865373,-0.247748692,0
-0.000542642,-0.039169227,-0.013608704,0.042192141,0
-0.001326027,-0.234093416,-0.012764861,0.330550515,1
-0.006007895,-0.038792107,-0.006153851,0.033869651,0
-0.006783737,-0.233825272,-0.005476458,0.324604638,1
-0.011460242,-0.038625773,0.001015635,0.03019971,0
-0.012232758,-0.233762275,0.001619629,0.323202908,1
-0.016908003,-0.038663424,0.008083687,0.031031186,0
-0.017681272,-0.233900361,0.008704311,0.326253601,1
-0.022359279,-0.038903413,0.015229383,0.036328295,1
-0.023137347,0.155996873,0.015955949,-0.251510966,0
-0.02001741,-0.039349248,0.01092573,0.046161766,1
-0.020804395,0.155614345,0.011848965,-0.243054068,0
-0.017692108,-0.039674833,0.006987884,0.05334265,1
-0.018485605,0.155346228,0.008054737,-0.237127378,0
-0.01537868,-0.039889867,0.003312189,0.05808533,1
-0.016176477,0.155184438,0.004473896,-0.233550739,0
-0.013072789,-0.040001151,-0.000197119,0.060540035,1
-0.013872812,0.155123626,0.001013682,-0.232205078,0
-0.010770339,-0.040012795,-0.00363042,0.060797425,1
-0.011570595,0.15516102,-0.002414472,-0.233028709,0
-0.008467375,-0.039926349,-0.007075046,0.058891637,1
-0.009265902,0.155296326,-0.005897213,-0.236015093,0
-0.006159975,-0.039740876,-0.010617515,0.054801854,1
-0.006954793,0.155531692,-0.009521478,-0.24121198,0
-0.003844159,-0.039452962,-0.014345717,0.048452472,1
-0.004633218,0.155871725,-0.013376668,-0.248721908,0
-0.001515783,-0.039056663,-0.018351106,0.039711892,0
-0.002296917,-0.233910719,-0.017556868,0.326548841,1
-0.006975131,-0.038543261,-0.011025891,0.028381363,0
-0.007745996,-0.233505372,-0.010458264,0.317565208,1
-0.012416104,-0.038236036,-0.00410696,0.021602549,0
-0.013180824,-0.233298849,-0.003674909,0.312986858,1
-0.017846801,-0.038124739,0.002584828,0.019147249,0
-0.018609296,-0.233283664,0.002967773,0.312644597,1
-0.02327497,-0.038204118,0.009220665,0.02089909,0
-0.024039052,-0.233457081,0.009638647,0.316476921,1
-0.028708193,-0.038473737,0.015968185,0.02684921,0
-0.029477668,-0.233821,0.01650517,0.324527196,1
-0.034154088,-0.038937903,0.022995713,0.037094666,1
-0.034932846,0.155846868,0.023737607,-0.248245098,0
-0.031815909,-0.039605904,0.018772705,0.051829665,1
-0.032608027,0.155241908,0.019809298,-0.234871703,0
-0.029503189,-0.040157387,0.015111864,0.063993287,1
-0.030306337,0.154744674,0.01639173,-0.223883705,0
-0.027211443,-0.040607674,0.011914056,0.073924405,1
-0.028023597,0.154341467,0.013392544,-0.214975904,0
-0.024936767,-0.040969363,0.009093026,0.081901359,1
-0.025756155,0.154021068,0.010731053,-0.207898883,0
-0.022675733,-0.041252673,0.006573075,0.088149732,1
-0.023500787,0.153774447,0.00833607,-0.202452158,0
-0.020425298,-0.041465724,0.004287027,0.092848699,1
-0.021254612,0.153594519,0.006144001,-0.198478595,0
-0.018182722,-0.041614768,0.002174429,0.096136134,1
-0.019015017,0.153475951,0.004097151,-0.195859971,0
-0.015945498,-0.041704366,0.000179952,0.098112606,1
-0.016779585,0.153415006,0.002142204,-0.194513541,0
-0.013711285,-0.041737523,-0.001748067,0.098844389,1
-0.014546036,0.153409438,0.000228821,-0.194389537,0
-0.011477847,-0.041715786,-0.00365897,0.098365565,1
-0.012312163,0.153458414,-0.001691658,-0.19546951,0
-0.009242994,-0.041639299,-0.005601049,0.096679293,1
-0.01007578,0.153562479,-0.003667463,-0.197765481,0
-0.007004531,-0.041506824,-0.007622772,0.093758274,1
-0.007834667,0.153723549,-0.005747607,-0.201319851,0
-0.004760196,-0.04131573,-0.009774004,0.089544449,1
-0.005586511,0.153944944,-0.007983115,-0.206206084,0
-0.002507612,-0.041061944,-0.012107237,0.083947917,1
-0.003328851,0.154231448,-0.010428278,-0.212530141,0
-0.000244222,-0.040739866,-0.014678881,0.076845069,1
-0.001059019,0.154589408,-0.01314198,-0.220432713,0
0.002032769,-0.04034225,-0.017550634,0.068075893,1
0.001225924,0.15502687,-0.016189116,-0.230092275,0
0.004326461,-0.039860046,-0.020790962,0.057440399,1
0.00352926,0.155553746,-0.019642154,-0.24172904,0
0.006640335,-0.039282201,-0.024476734,0.044694082,0
0.005854691,-0.234044772,-0.023582853,0.329554988,1
0.001173796,-0.038595184,-0.016991753,0.029529411,0
0.000401892,-0.233469393,-0.016401165,0.316803193,1
-0.004267496,-0.038117718,-0.010065101,0.018993365,0
-0.00502985,-0.233093889,-0.009685234,0.308483718,1
-0.009691728,-0.037835286,-0.003515559,0.012762135,0
-0.010448434,-0.232906643,-0.003260317,0.304333791,1
-0.015106567,-0.037738381,0.002826359,0.010624422,0
-0.015861334,-0.232900752,0.003038848,0.304197757,1
-0.020519349,-0.037822239,0.009122803,0.01247476,0
-0.021275794,-0.233073827,0.009372298,0.308022021,1
-0.02593727,-0.038086666,0.015532738,0.018309541,0
-0.026699004,-0.23342789,0.015898929,0.315852472,1
-0.031367562,-0.038535972,0.022215979,0.02822563,0
-0.032138281,-0.233969354,0.022780491,0.327834324,1
-0.036817668,-0.039179002,0.029337178,0.042421494,1
-0.037601248,0.155510247,0.030185608,-0.240862823,0
-0.034491043,-0.040029606,0.025368351,0.06118656,1
-0.035291635,0.154719606,0.026592082,-0.223385769,0
-0.032197243,-0.040772128,0.022124367,0.077565308,1
-0.033012686,0.154025785,0.023675673,-0.208056018,0
-0.02993217,-0.041426568,0.019514553,0.092000345,1
-0.030760701,0.153410319,0.02135456,-0.194462426,0
-0.027692495,-0.042010487,0.017465311,0.104879713,1
-0.028532705,0.152856876,0.019562906,-0.18224221,0
-0.025475567,-0.04253946,0.015918061,0.116547338,1
-0.026326357,0.152350839,0.018249008,-0.171071363,0
-0.02327934,-0.04302749,0.014827581,0.127312243,1
-0.02413989,0.151878943,0.017373826,-0.160656118,0
-0.021102311,-0.043487372,0.014160703,0.137456775,1
-0.021972058,0.151428922,0.016909839,-0.150725245,0
-0.01894348,-0.043931033,0.013895334,0.147244048,1
-0.0198221,0.150989205,0.016840215,-0.141022986,0
-0.016802316,-0.044369834,0.014019755,0.15692481,1
-0.017689713,0.150548613,0.017158251,-0.131302455,0
-0.014678741,-0.044814867,0.014532202,0.166743909,1
-0.015575038,0.150096083,0.01786708,-0.121319328,1
-0.012573116,0.344957554,0.015440694,-0.408312239,0
-0.005673965,0.149620114,0.007274449,-0.110801624,1
-0.002681563,0.344637075,0.005058417,-0.401180656,0
0.004211179,0.14944374,-0.002965197,-0.106907231,1
0.007200053,0.344608057,-0.005103341,-0.400524187,0
0.014092214,0.149558867,-0.013113825,-0.109454587,1
0.017083392,0.344866258,-0.015302917,-0.406245837,0
0.023980717,0.149964614,-0.023427833,-0.118426484,0
0.026980009,-0.04481397,-0.025796363,0.166774063,1
0.02608373,0.150667558,-0.022460882,-0.133933962,0
0.029097081,-0.044125583,-0.025139561,0.151579105,1
0.028214569,0.151347153,-0.022107979,-0.148927603,0
0.031241512,-0.043451353,-0.025086531,0.136699536,1
0.030372485,0.152020768,-0.02235254,-0.163791054,0
0.033412901,-0.042774187,-0.025628361,0.121757286,1
0.032557417,0.152705389,-0.023193216,-0.1788997,0
0.035611525,-0.042077116,-0.02677121,0.106377282,1
0.034769982,0.153418045,-0.024643664,-0.194630178,0
0.037838343,-0.041342881,-0.028536268,0.090178001,1
0.037011486,0.154176227,-0.026732708,-0.211369782,0
0.04009501,-0.040553506,-0.030960103,0.072761973,1
0.03928394,0.154998304,-0.029504864,-0.229525988,0
0.042383906,-0.039689868,-0.034095383,0.053705996,1
0.041590109,0.155903955,-0.033021264,-0.249536324,0
0.044708188,-0.038731249,-0.03801199,0.032550837,0
0.043933563,-0.233288057,-0.037360973,0.313002403,1
0.039267802,-0.037654336,-0.031100925,0.00877503,0
0.038514715,-0.232316771,-0.030925425,0.291485279,1
0.03386838,-0.03676783,-0.025095719,-0.010788505,0
0.033133023,-0.231521053,-0.025311489,0.273871976,1
0.028502602,-0.036047266,-0.01983405,-0.026685566,0
0.027781657,-0.230879249,-0.020367761,0.259674098,1
0.023164072,-0.035472546,-0.015174279,-0.039362869,0
0.022454621,-0.230373648,-0.015961536,0.24849406,1
0.017847148,-0.035027427,-0.010991655,-0.049180438,0
0.017146599,-0.229990057,-0.011975264,0.240014359,1
0.012546798,-0.034699102,-0.007174977,-0.056421713,0
0.011852816,-0.229717444,-0.008303411,0.233988846,1
0.007258467,-0.034477844,-0.003623634,-0.061301633,0
0.00656891,-0.229547653,-0.004849667,0.230235814,1
0.001977957,-0.034356739,-0.000244951,-0.063972912,0
0.001290823,-0.229475177,-0.001524409,0.228632721,1
-0.003298681,-0.034331474,0.003048246,-0.064530668,0
-0.00398531,-0.229496997,0.001757632,0.229112438,1
-0.00857525,-0.034400206,0.006339881,-0.063015552,0
-0.009263255,-0.22961248,0.00507957,0.231660886,1
-0.013855504,-0.034563478,0.009712788,-0.059415455,0
-0.014546774,-0.229823335,0.008524479,0.23631603,1
-0.01914324,-0.034824204,0.013250799,-0.053665874,0
-0.019839724,-0.230133622,0.012177482,0.243168156,1
-0.024442397,-0.035187709,0.017040845,-0.045648941,0
-0.025146151,-0.230549818,0.016127866,0.252361441,1
-0.029757147,-0.035661831,0.021175095,-0.035191135,0
-0.030470384,-0.231080937,0.020471272,0.264096823,1
-0.035092003,-0.036257072,0.025753209,-0.022059609,0
-0.035817144,-0.231738702,0.025312016,0.278636211,1
-0.040451918,-0.036986819,0.030884741,-0.005957099,0
-0.041191655,-0.232537775,0.030765599,0.296308121,1
-0.04584241,-0.037867613,0.036691761,0.01348472,0
-0.046599762,-0.233496036,0.036961455,0.317514806,1
-0.051269683,-0.038919491,0.043311752,0.036713524,1
-0.052048073,0.155555463,0.044046022,-0.241995662,0
-0.048936964,-0.040167075,0.039206109,0.06424875,1
-0.049740305,0.154371469,0.040491084,-0.215811178,0
-0.046652876,-0.041305249,0.03617486,0.089364443,1
-0.047478981,0.153280013,0.037962149,-0.191689401,0
-0.044413381,-0.042363868,0.034128361,0.112723175,1
-0.045260658,0.152252856,0.036382825,-0.169000127,0
-0.042215601,-0.043370465,0.033002822,0.134934855,1
-0.04308301,0.151263601,0.035701519,-0.147156195,0
-0.040057738,-0.044350937,0.032758395,0.156572651,1
-0.040944757,0.150287052,0.035889848,-0.12559845,1
-0.037939016,0.344876953,0.033377879,-0.406745984,0
-0.031041477,0.149297993,0.02524296,-0.103729674,1
-0.028055517,0.344049264,0.023168366,-0.38834287,0
-0.021174532,0.148606246,0.015401509,-0.088446132,1
-0.018202407,0.343504087,0.013632586,-0.376230356,0
-0.011332325,0.148191188,0.006107979,-0.079280374,1
-0.008368501,0.343225049,0.004522372,-0.370029973,0
-0.001504,0.148039137,-0.002878228,-0.075924527,1
0.001456783,0.343202232,-0.004396719,-0.369514154,0
0.008320827,0.148143025,-0.011787002,-0.078220804,1
0.011283688,0.343431948,-0.013351418,-0.374599137,0
0.018152327,0.148502168,-0.0208434,-0.086155728,1
0.02112237,0.343916595,-0.022566515,-0.385341214,0
0.028000702,0.149122159,-0.030273339,-0.099857949,1
0.030983145,0.344664606,-0.032270498,-0.401936224,0
0.037876437,0.150014881,-0.040309223,-0.119599532,0
0.040876735,-0.044507051,-0.042701213,0.160098646,1
0.039986594,0.151199391,-0.03949924,-0.145743763,0
0.043010582,-0.043335294,-0.042414116,0.134220904,1
0.042143876,0.152367718,-0.039729698,-0.171535619,0
0.04519123,-0.042163735,-0.04316041,0.108353839,1
0.044347955,0.153549278,-0.040993333,-0.197627509,0
0.047418941,-0.040963085,-0.044945883,0.081847253,1
0.046599679,0.154773381,-0.043308938,-0.224670578,0
0.049695147,-0.039703691,-0.04780235,0.054042645,1
0.048901073,0.156069927,-0.046721497,-0.253330869,0
0.052022472,-0.038354836,-0.051788114,0.024256904,0
0.051255375,-0.232697323,-0.051302976,0.300160899,1
0.046601428,-0.036883087,-0.045299758,-0.008250461,0
0.045863767,-0.231327089,-0.045464768,0.269802759,1
0.041237225,-0.035586817,-0.040068712,-0.036866286,0
0.040525489,-0.230111953,-0.040806038,0.242910167,1
0.035923249,-0.034431609,-0.035947835,-0.062359653,0
0.035234617,-0.229020205,-0.037195028,0.218768281,1
0.030654213,-0.033386846,-0.032819662,-0.085411609,0
0.029986476,-0.228023352,-0.034527894,0.196738679,0
0.025426009,-0.42263485,-0.030593121,0.478332751,1
0.016973312,-0.227094637,-0.021026466,0.176166707,0
0.012431419,-0.421909462,-0.017503132,0.462143024,1
0.00399323,-0.226544568,-0.008260271,0.163994912,0
-0.000537661,-0.421547303,-0.004980373,0.454060544,1
-0.008968607,-0.226355283,0.004100838,0.159811922,0
-0.013495713,-0.421535703,0.007297076,0.453785734,1
-0.021926427,-0.226517693,0.016372791,0.163411828,0
-0.026456781,-0.421870154,0.019641028,0.46121463,1
-0.034894184,-0.227031235,0.02886532,0.174786712,0
-0.039434809,-0.42255415,0.032361055,0.476434136,1
-0.047885892,-0.227903725,0.041889737,0.194123858,1
-0.052443966,-0.03340525,0.045772214,-0.085055938,0
-0.053112071,-0.229152415,0.044071096,0.221709614,1
-0.057695119,-0.034687196,0.048505288,-0.056752276,0
-0.058388863,-0.230469863,0.047370242,0.250831283,1
-0.06299826,-0.036055245,0.052386868,-0.02654187,0
-0.063719365,-0.231887802,0.051856031,0.282198673,1
-0.068357121,-0.037542387,0.057500004,0.006311258,0
-0.069107969,-0.233439815,0.057626229,0.316567455,1
-0.073776765,-0.039183997,0.063957578,0.042600143,1
-0.074560445,0.15496529,0.064809581,-0.229237643,0
-0.07146114,-0.041020056,0.060224828,0.083163876,1
-0.072281541,0.153189197,0.061888106,-0.189926462,0
-0.069217757,-0.042761033,0.058089577,0.121619666,1
-0.070072977,0.151482633,0.06052197,-0.152185647,0
-0.067043325,-0.044451358,0.057478257,0.158959835,1
-0.067932352,0.149802595,0.060657454,-0.115050597,1
-0.0649363,0.344005326,0.058356442,-0.387996599,0
-0.058056194,0.148105682,0.05059651,-0.077500281,1
-0.05509408,0.342467163,0.049046504,-0.353800379,0
-0.048244737,0.146683361,0.041970497,-0.046063942,1
-0.045311069,0.341179133,0.041049218,-0.325214977,0
-0.038487487,0.145497485,0.034544918,-0.019874687,1
-0.035577537,0.340107432,0.034147424,-0.301461262,0
-0.028775388,0.144515846,0.028118199,0.001792474,1
-0.025885071,0.339223493,0.028154049,-0.281887885,1
-0.019100602,0.53393278,0.022516291,-0.565559873,0
-0.008421946,0.338502295,0.011205094,-0.265869224,1
-0.0016519,0.533462544,0.005887709,-0.55499701,0
0.009017351,0.338258421,-0.005212231,-0.260464924,1
0.015782519,0.533454389,-0.01042153,-0.554787287,0
0.026451607,0.338480307,-0.021517275,-0.26540592,1
0.033221213,0.533902654,-0.026825394,-0.564797175,0
0.043899266,0.339167137,-0.038121337,-0.280684713,0
0.050682609,0.144609121,-0.043735031,-0.000264676,1
0.053574791,0.340330122,-0.043740325,-0.306419448,0
0.060381394,0.145857873,-0.049868714,-0.027845636,1
0.063298551,0.341658192,-0.050425627,-0.335836315,0
0.070131715,0.147288779,-0.057142353,-0.059471644,1
0.073077491,0.343181503,-0.058331786,-0.369621843,0
0.079941121,0.148934755,-0.065724223,-0.095887109,1
0.082919816,0.344934126,-0.067641965,-0.408560416,0
0.089818498,0.15083318,-0.075813173,-0.137946391,0
0.092835162,-0.043125652,-0.078572101,0.129888426,1
0.091972649,0.153028788,-0.075974332,-0.186511908,0
0.095033225,-0.040928584,-0.079704571,0.081269926,1
0.094214653,0.155240105,-0.078079172,-0.235457275,0
0.097319455,-0.038684511,-0.082788318,0.031611465,0
0.096545765,-0.232527664,-0.082156088,0.297068355,1
0.091895212,-0.03633651,-0.076214721,-0.020352499,0
0.091168481,-0.230287415,-0.076621771,0.247343875,1
0.086562733,-0.034159547,-0.071674894,-0.068489529,0
0.085879542,-0.228184611,-0.073044684,0.200746434,0
0.08131585,-0.42218998,-0.069029756,0.469522447,1
0.07287205,-0.226164257,-0.059639307,0.155905512,0
0.068348765,-0.420383846,-0.056521196,0.429193379,1
0.059941088,-0.224508914,-0.047937329,0.119241783,0
0.05545091,-0.418912428,-0.045552493,0.396423889,1
0.047072661,-0.223174771,-0.037624015,0.08973417,0
0.042609166,-0.4177378,-0.035829332,0.370313324,1
0.03425441,-0.222125603,-0.028423066,0.066551774,0
0.029811898,-0.416828762,-0.02709203,0.350133293,0
0.021475323,-0.611555148,-0.020089364,0.634151603,1
0.00924422,-0.416158814,-0.007406332,0.335210369,0
0.000921043,-0.611174581,-0.000702125,0.625548554,1
-0.011302448,-0.416042835,0.011808846,0.332644583,0
-0.019623305,-0.61133086,0.018461738,0.629027915,1
-0.031849922,-0.416471349,0.031042296,0.342215902,1
-0.040179349,-0.221804479,0.037886614,0.059481245,0
-0.044615439,-0.417448591,0.039076239,0.363872818,1
-0.05296441,-0.222903159,0.046353696,0.083762928,0
-0.057422474,-0.418657866,0.048028954,0.390702694,1
-0.065795631,-0.224249301,0.055843008,0.113541208,0
-0.070280617,-0.420125108,0.058113832,0.423306231,1
-0.078683119,-0.225872514,0.066579957,0.149495078,0
-0.083200569,-0.421881566,0.069569858,0.46241728,1
-0.091638201,-0.22780825,0.078818204,0.192448546,1
-0.096194366,-0.033897108,0.082667175,-0.074366591,0
-0.096872308,-0.230100902,0.081179843,0.243210527,1
-0.101474326,-0.036226683,0.086044054,-0.022802412,0
-0.10219886,-0.232470458,0.085588005,0.295739993,1
-0.106848269,-0.03866631,0.091502805,0.03123004,1
-0.107621595,0.15503242,0.092127406,-0.231238258,0
-0.104520947,-0.04127694,0.087502641,0.0890242,1
-0.105346485,0.152488887,0.089283125,-0.174819584,0
-0.102296708,-0.043789881,0.085786733,0.144640253,1
-0.103172505,0.150005437,0.088679538,-0.119793349,1
-0.100172396,0.343752298,0.086283671,-0.383234034,0
-0.093297351,0.147518026,0.078618991,-0.064641716,1
-0.09034699,0.341429907,0.077326156,-0.331520902,0
-0.083518392,0.145297324,0.070695738,-0.015489904,1
-0.080612445,0.339337944,0.07038594,-0.285056554,1
-0.073825687,0.533389136,0.064684809,-0.554736232,0
-0.063157904,0.337421415,0.053590084,-0.242395326,1
-0.056409476,0.531738552,0.048742178,-0.517704644,0
-0.045774704,0.33596542,0.038388085,-0.210069188,1
-0.039055396,0.530518055,0.034186701,-0.490399816,0
-0.028445035,0.334930937,0.024378705,-0.187141631,1
-0.021746416,0.529695765,0.020635872,-0.472035434,0
-0.011152501,0.334288523,0.011195164,-0.172920461,1
-0.00446673,0.529248471,0.007736754,-0.462050749,0
0.006118239,0.334018035,-0.001504261,-0.166939275,1
0.0127986,0.529161486,-0.004843046,-0.460096373,0
0.023381829,0.334108325,-0.014044974,-0.168943912,1
0.030063996,0.529428465,-0.017423852,-0.466024313,0
0.040652565,0.334556983,-0.026744338,-0.178883813,1
0.047343705,0.530051241,-0.030322014,-0.479882232,0
0.05794473,0.335370167,-0.039919659,-0.196908163,1
0.064652133,0.531039703,-0.043857822,-0.5019119,0
0.075272927,0.336562509,-0.05389606,-0.22336669,1
0.082004177,0.532411704,-0.058363394,-0.532551683,0
0.092652411,0.338157092,-0.069014428,-0.258814986,1
0.099415553,0.534192952,-0.074190727,-0.572442905,0
0.110099412,0.340185401,-0.085639585,-0.304024182,0
0.11690312,0.146381687,-0.091720069,-0.03953127,1
0.119830754,0.342691033,-0.092510695,-0.359685465,0
0.126684575,0.148997551,-0.099704404,-0.097546977,1
0.129664526,0.345396642,-0.101655343,-0.419947081,0
0.136572458,0.151850937,-0.110054285,-0.160962504,0
0.139609477,-0.041537467,-0.113273535,0.095074458,1
0.138778728,0.155010395,-0.111372046,-0.231089191,0
0.141878936,-0.038358508,-0.11599383,0.024491417,0
0.141111766,-0.231642454,-0.115504001,0.278443343,1
0.136478917,-0.035078449,-0.109935135,-0.048320775,0
0.135777348,-0.228466362,-0.11090155,0.207754069,0
0.13120802,-0.421842178,-0.106746469,0.46349759,1
0.122771177,-0.225386437,-0.097476517,0.139167422,0
0.118263448,-0.418986936,-0.094693168,0.399576882,1
0.109883709,-0.222658206,-0.086701631,0.078604926,0
0.105430545,-0.416437154,-0.085129532,0.342723174,0
0.097101802,-0.610251331,-0.078275069,0.607393778,1
0.084896775,-0.414127271,-0.066127193,0.291119088,0
0.07661423,-0.608247067,-0.060304811,0.562235149,1
0.064449289,-0.412333008,-0.049060108,0.251179383,0
0.056202629,-0.606721305,-0.044036521,0.527993109,1
0.044068202,-0.411008348,-0.033476659,0.221765721,0
0.035848035,-0.605636205,-0.029041344,0.503703636,0
0.023735311,-0.800337071,-0.018967272,0.787094829,1
0.00772857,-0.604959772,-0.003225375,0.488505553,0
-0.004370626,-0.800036069,0.006544736,0.780170218,1
-0.020371347,-0.605004702,0.02214814,0.48955357,0
-0.032471441,-0.800431994,0.031939212,0.789133634,1
-0.048480081,-0.605762911,0.047721885,0.506667467,1
-0.060595339,-0.411344748,0.057855234,0.229397142,0
-0.068822234,-0.607243683,0.062443177,0.539753844,1
-0.080967108,-0.413052527,0.073238254,0.267381178,0
-0.089228158,-0.609139145,0.078585877,0.582235426,1
-0.101410941,-0.415201089,0.090230586,0.315306637,0
-0.109714963,-0.611484713,0.096536718,0.635026156,1
-0.121944657,-0.417832375,0.109237242,0.374237865,1
-0.130301305,-0.224417922,0.116721999,0.117897358,0
-0.134789663,-0.421002013,0.119079946,0.445005474,1
-0.143209703,-0.227748359,0.127980056,0.192104646,1
-0.147764671,-0.034667396,0.131822148,-0.057624686,0
-0.148458018,-0.231408909,0.130669655,0.273570766,1
-0.153086197,-0.038369984,0.13614107,0.02478855,1
-0.153853596,0.154563583,0.136636841,-0.222032063,0
-0.150762325,-0.04221994,0.1321962,0.11043845,1
-0.151606723,0.15078434,0.134404969,-0.137789389,1
-0.148591037,0.343750808,0.131649181,-0.385232416,0
-0.141716021,0.147029596,0.123944533,-0.054110859,1
-0.138775429,0.340176502,0.122862316,-0.305262224,1
-0.131971899,0.533352952,0.116757071,-0.556811915,0
-0.12130484,0.336802112,0.105620833,-0.2297443,1
-0.114568797,0.53026864,0.101025947,-0.487332074,0
-0.103963424,0.333877201,0.091279305,-0.164595822,1
-0.09728588,0.527581977,0.087987389,-0.427144513,1
-0.086734241,0.721354721,0.079444499,-0.690844317,0
-0.072307146,0.525225544,0.065627612,-0.374246334,1
-0.061802636,0.719356869,0.058142686,-0.645535785,0
-0.047415498,0.523474968,0.04523197,-0.335125118,1
-0.036945999,0.717924976,0.038529468,-0.613208142,0
-0.022587499,0.522286374,0.026265305,-0.308643173,1
-0.012141772,0.717024428,0.020092441,-0.592928391,1
0.002198717,0.911859438,0.008233873,-0.879215136,0
0.020435905,0.716626585,-0.009350429,-0.583955052,1
0.034768437,0.911878267,-0.02102953,-0.879568758,0
0.053006002,0.717048254,-0.038620906,-0.593570583,0
0.067346968,0.522487584,-0.050492317,-0.313298927,1
0.077796719,0.71829111,-0.056758296,-0.621468333,0
0.092162541,0.524005781,-0.069187662,-0.347187613,1
0.102642657,0.720040137,-0.076131415,-0.660860573,0
0.11704346,0.52605551,-0.089348626,-0.393087496,1
0.12756457,0.722324249,-0.097210376,-0.712549808,0
0.142011055,0.528673073,-0.111461372,-0.451979305,0
0.152584516,0.335289334,-0.120500958,-0.196405561,1
0.159290303,0.531910345,-0.124429069,-0.524540001,0
0.16992851,0.338738923,-0.134919869,-0.273510894,0
0.176703288,0.145774171,-0.140390087,-0.026240436,1
0.179618772,0.342601083,-0.140914896,-0.359715313,0
0.186470794,0.149734057,-0.148109202,-0.114574352,0
0.189465475,-0.042989524,-0.150400689,0.127960994,1
0.188605684,0.153931136,-0.14784147,-0.208136763,0
0.191684307,-0.03880154,-0.152004205,0.034501342,0
0.190908276,-0.231453925,-0.151314178,0.275630535,1
0.186279198,-0.034533446,-0.145801567,-0.060691917,0
0.185588529,-0.227296701,-0.147015406,0.182671122,0
0.181042595,-0.420042621,-0.143361983,0.425604186,1
0.172641742,-0.223211935,-0.134849899,0.091382816,0
0.168177504,-0.416169205,-0.133022243,0.338665261,0
0.159854119,-0.609172269,-0.126248938,0.586618947,1
0.147670674,-0.412529293,-0.114516559,0.256983386,0
0.139420088,-0.605845902,-0.109376891,0.511464675,0
0.12730317,-0.799270926,-0.099147598,0.76777571,1
0.111317752,-0.60293404,-0.083792084,0.445615067,0
0.099259071,-0.796776769,-0.074879782,0.710752959,1
0.083323535,-0.600702105,-0.060664723,0.395471028,0
0.071309493,-0.794913185,-0.052755302,0.668427269,1
0.05541123,-0.599098873,-0.039386757,0.359611572,0
0.043429252,-0.793639441,-0.032194526,0.639619395,0
0.027556463,-0.988298085,-0.019402138,0.921992497,1
0.007790502,-0.792919419,-0.000962288,0.623275788,0
-0.008067887,-0.988027921,0.011503228,0.915655493,1
-0.027828445,-0.793063407,0.029816338,0.626609945,0
-0.043689713,-0.98858858,0.042348537,0.92853205,1
-0.063461485,-0.794063143,0.060919178,0.649452251,1
-0.079342748,-0.599840325,0.073908223,0.376557611,0
-0.091339554,-0.795929925,0.081439375,0.691598274,1
-0.107258153,-0.602026708,0.09527134,0.425624162,0
-0.119298687,-0.798359925,0.103783824,0.746755886,1
-0.135265885,-0.604811353,0.118718941,0.488452869,1
-0.147362112,-0.411546859,0.128487999,0.235418097,0
-0.15559305,-0.608248066,0.133196361,0.565709343,1
-0.167758011,-0.415221466,0.144510548,0.317778093,1
-0.17606244,-0.222421648,0.150866109,0.073931218,0
-0.180510873,-0.419348275,0.152344734,0.410152477,1
-0.188897839,-0.226677288,0.160547783,0.169109579,1
-0.193431384,-0.034173961,0.163929975,-0.068933446,0
-0.194114864,-0.23122026,0.162551306,0.270653308,1
-0.198739269,-0.038745979,0.167964372,0.033327698,1
-0.199514188,0.153618972,0.168630926,-0.202009373,0
-0.196441809,-0.043462926,0.164590739,0.13876306,1
-0.197311068,0.148966029,0.167366,-0.097808008,1
-0.194331747,0.341343204,0.16540984,-0.333365427,0
-0.187504883,0.14430081,0.158742531,0.006573041,1
-0.184618867,0.336832196,0.158873992,-0.232118403,1
-0.177882223,0.52936951,0.154231624,-0.470774462,1
-0.167294833,0.722015024,0.144816135,-0.711148098,0
-0.152854532,0.525216201,0.130593173,-0.376612579,1
-0.142350208,0.718264958,0.123060921,-0.625434597,0
-0.127984909,0.521659503,0.110552229,-0.296667978,1
-0.117551719,0.715046095,0.10461887,-0.552540834,1
-0.103250797,0.908555278,0.093568053,-0.810515702,0
-0.085079691,0.71228449,0.077357739,-0.489928455,1
-0.070834002,0.90623478,0.06755917,-0.757263345,1
-0.052709306,1.100363813,0.052413903,-1.027945318,0
-0.03070203,0.904584873,0.031854997,-0.719277569,1
-0.012610332,1.099251913,0.017469445,-1.001766203,0
0.009374706,0.90390094,-0.002565879,-0.7036487,1
0.027452725,1.099058356,-0.016638853,-0.997138228,0
0.049433892,0.904162794,-0.036581617,-0.70972695,1
0.067517148,1.099771793,-0.050776156,-1.013696742,0
0.089512584,0.905362557,-0.071050091,-0.737380505,1
0.107619835,1.101390101,-0.085797701,-1.051551112,0
0.129647637,0.907504317,-0.106828724,-0.786985798,0
0.147797723,0.713999361,-0.12256844,-0.529730993,1
0.16207771,0.910613053,-0.133163059,-0.858383967,0
0.180289971,0.71753196,-0.150330739,-0.610360718,0
0.194640611,0.524795521,-0.162537953,-0.36854765,1
0.205136521,0.721808724,-0.169908906,-0.707748462,0
0.219572696,0.529396802,-0.184063875,-0.472999842,0
0.230160632,0.337286313,-0.193523872,-0.243511532,0
0.236906358,0.145379233,-0.198394103,-0.017566058,1
0.239813942,0.34271141,-0.198745424,-0.365704112,0
0.246668171,0.150886686,-0.206059506,-0.14167836,0
0.249685904,-0.04077992,-0.208893073,0.079585735,1
0.248870306,0.156628996,-0.207301359,-0.271059336,0
0.030739044,0.001450007,-0.030888185,-0.031312522,0
0.030768044,-0.193215688,-0.031514435,0.251467055,1
0.02690373,0.002341777,-0.026485094,-0.0509872,0
0.026950565,-0.192390592,-0.027504838,0.233223203,1
0.023102754,0.003113341,-0.022840374,-0.06800718,0
0.02316502,-0.191673828,-0.024200518,0.217382879,0
0.019331544,-0.386441615,-0.01985286,0.502334754,1
0.011602712,-0.191045541,-0.009806165,0.203462043,0
0.007781801,-0.386025891,-0.005736924,0.493035539,1
6.13E-05,-0.190823496,0.004123787,0.198550119,0
-0.003755187,-0.386004186,0.008094789,0.492531055,1
-0.011475271,-0.19099734,0.01794541,0.202410211,0
-0.015295217,-0.386371279,0.021993614,0.5006996,1
-0.023022643,-0.191566162,0.032007606,0.215028196,1
-0.026853966,0.003083924,0.03630817,-0.067388754,0
-0.026792288,-0.192539259,0.034960395,0.236524884,1
-0.030643073,0.002066228,0.039690893,-0.044928713,0
-0.030601748,-0.19360173,0.038792319,0.260008127,1
-0.034473783,0.000945588,0.043992481,-0.020191223,1
-0.034454871,0.195409933,0.043588657,-0.298675903,0
